categoria,produto_referencia,fonte,largura_cm,altura_cm,area_m2,preco_reais,data_consulta,observacao
rolo_blackout_liso,Persiana Rolô Blackout - Branca,facil_persianas,60,60,0.36,147.39,2026-07-29,tamanho minimo (area minima 1.8m2)
rolo_blackout_liso,Persiana Rolô Blackout - Branca,facil_persianas,100,120,1.20,264.91,2026-07-29,
rolo_blackout_liso,Persiana Rolô Blackout - Branca,facil_persianas,100,180,1.80,294.39,2026-07-29,
rolo_blackout_liso,Persiana Rolô Blackout - Branca,facil_persianas,100,200,2.00,281.75,2026-07-29,
rolo_blackout_liso,Persiana Rolô Blackout - Branca,facil_persianas,100,250,2.50,314.57,2026-07-29,
rolo_blackout_liso,Persiana Rolô Blackout - Branca,facil_persianas,100,290,2.90,424.09,2026-07-29,
rolo_blackout_texturizado,Persiana Rolô Blackout Texturizada,facil_persianas,60,60,0.36,200.63,2026-07-29,
rolo_blackout_texturizado,Persiana Rolô Blackout Texturizada,facil_persianas,100,120,1.20,622.00,2026-07-29,
rolo_blackout_texturizado,Persiana Rolô Blackout Texturizada,facil_persianas,100,180,1.80,668.00,2026-07-29,
rolo_blackout_texturizado,Persiana Rolô Blackout Texturizada,facil_persianas,200,120,2.40,866.00,2026-07-29,
rolo_blackout_vedacao_total,Persiana Rolô Blackout com Guias (Kitbox),facil_persianas,60,60,0.36,188.01,2026-07-29,
rolo_blackout_vedacao_total,Persiana Rolô Blackout com Guias (Kitbox),facil_persianas,100,180,1.80,581.90,2026-07-29,
rolo_blackout_vedacao_total,Persiana Rolô Blackout com Guias (Kitbox),facil_persianas,180,220,3.96,1412.71,2026-07-29,
rolo_translucida,Persiana Rolô Opaca (Translúcida),facil_persianas,60,60,0.36,109.68,2026-07-29,
rolo_translucida,Persiana Rolô Opaca (Translúcida),facil_persianas,100,180,1.80,328.55,2026-07-29,
rolo_translucida,Persiana Rolô Opaca (Translúcida),facil_persianas,100,240,2.40,365.63,2026-07-29,
rolo_tela_solar_1,Persiana Rolô Tela Solar 1% - Branca,facil_persianas,60,60,0.36,181.44,2026-07-29,
rolo_tela_solar_1,Persiana Rolô Tela Solar 1% - Branca,facil_persianas,100,180,1.80,415.14,2026-07-29,
rolo_tela_solar_1,Persiana Rolô Tela Solar 1% - Branca,facil_persianas,200,200,4.00,968.87,2026-07-29,
rolo_tela_solar_3,Persiana Rolô Tela Solar 3% - Branca,facil_persianas,60,60,0.36,117.33,2026-07-29,
rolo_tela_solar_3,Persiana Rolô Tela Solar 3% - Branca,facil_persianas,100,180,1.80,384.94,2026-07-29,
rolo_tela_solar_3,Persiana Rolô Tela Solar 3% - Branca,facil_persianas,200,200,4.00,758.69,2026-07-29,
rolo_tela_solar_5,Persiana Rolô Tela Solar 5% - Branca,facil_persianas,60,60,0.36,112.33,2026-07-29,
rolo_tela_solar_5,Persiana Rolô Tela Solar 5% - Branca,facil_persianas,100,180,1.80,310.22,2026-07-29,
rolo_tela_solar_5,Persiana Rolô Tela Solar 5% - Branca,facil_persianas,140,180,2.52,417.09,2026-07-29,
romana_blackout,Persiana Romana Blackout Texturizada,facil_persianas,60,60,0.36,254.68,2026-07-29,
romana_blackout,Persiana Romana Blackout Texturizada,facil_persianas,100,180,1.80,502.20,2026-07-29,
romana_blackout,Persiana Romana Blackout Texturizada,facil_persianas,100,230,2.30,819.67,2026-07-29,
romana_tela_solar_1,Cortina Romana Tela Solar 1%,persianet,,,,337.00,2026-07-29,PRECO BASE SEM TABELA - Facil Persianas nao vende esse item
romana_tela_solar_3,Persiana Romana Tela Solar 3% - Branca,facil_persianas,60,60,0.36,243.48,2026-07-29,
romana_tela_solar_3,Persiana Romana Tela Solar 3% - Branca,facil_persianas,100,180,1.80,803.02,2026-07-29,
romana_tela_solar_3,Persiana Romana Tela Solar 3% - Branca,facil_persianas,200,200,4.00,1027.99,2026-07-29,
romana_tela_solar_5,Persiana Romana Tela Solar 5% - Branca,facil_persianas,60,60,0.36,239.50,2026-07-29,
romana_tela_solar_5,Persiana Romana Tela Solar 5% - Branca,facil_persianas,100,180,1.80,479.35,2026-07-29,
romana_tela_solar_5,Persiana Romana Tela Solar 5% - Branca,facil_persianas,200,200,4.00,1126.04,2026-07-29,
double_vision_semi_blackout,Persiana Double Vision Semi Blackout,facil_persianas,60,60,0.36,302.98,2026-07-29,
double_vision_semi_blackout,Persiana Double Vision Semi Blackout,facil_persianas,100,180,1.80,597.01,2026-07-29,
double_vision_semi_blackout,Persiana Double Vision Semi Blackout,facil_persianas,100,270,2.70,927.61,2026-07-29,
double_vision_translucida,Persiana Double Vision Plus (Translúcida),facil_persianas,60,60,0.36,198.77,2026-07-29,
double_vision_translucida,Persiana Double Vision Plus (Translúcida),facil_persianas,100,180,1.80,447.36,2026-07-29,
double_vision_translucida,Persiana Double Vision Plus (Translúcida),facil_persianas,220,220,4.84,1357.69,2026-07-29,
painel_blackout,Persiana Painel Blackout,facil_persianas,120,120,1.44,1205.28,2026-07-29,painel nao tem tamanho abaixo de 120x120
painel_blackout,Persiana Painel Blackout,facil_persianas,200,200,4.00,1523.84,2026-07-29,
painel_blackout,Persiana Painel Blackout,facil_persianas,240,240,5.76,1958.08,2026-07-29,
painel_tela_solar_5,Persiana Painel Tela Solar 5%,facil_persianas,120,120,1.44,1115.60,2026-07-29,
painel_tela_solar_5,Persiana Painel Tela Solar 5%,facil_persianas,200,200,4.00,1438.77,2026-07-29,
painel_tela_solar_5,Persiana Painel Tela Solar 5%,facil_persianas,240,240,5.76,1919.19,2026-07-29,
horizontal_aluminio_25mm,Persiana Horizontal Alumínio 25mm,facil_persianas,60,60,0.36,133.86,2026-07-29,
horizontal_aluminio_25mm,Persiana Horizontal Alumínio 25mm,facil_persianas,100,180,1.80,356.92,2026-07-29,
horizontal_aluminio_25mm,Persiana Horizontal Alumínio 25mm,facil_persianas,100,290,2.90,448.77,2026-07-29,
horizontal_aluminio_50mm,Persiana Horizontal Alumínio 50mm,facil_persianas,60,60,0.36,397.59,2026-07-29,
horizontal_aluminio_50mm,Persiana Horizontal Alumínio 50mm,facil_persianas,100,180,1.80,972.58,2026-07-29,
horizontal_aluminio_50mm,Persiana Horizontal Alumínio 50mm,facil_persianas,140,200,2.80,1177.05,2026-07-29,
horizontal_pvc,Persiana Horizontal PVC Basic,persianet,,,,418.00,2026-07-29,PRECO BASE SEM TABELA - Facil Persianas nao vende esse item
horizontal_madeira_50mm,Persiana Horizontal de Madeira 50mm,facil_persianas,60,60,0.36,867.76,2026-07-29,
horizontal_madeira_50mm,Persiana Horizontal de Madeira 50mm,facil_persianas,100,180,1.80,1752.31,2026-07-29,
horizontal_madeira_50mm,Persiana Horizontal de Madeira 50mm,facil_persianas,120,220,2.64,2394.39,2026-07-29,
tela_mosquiteira,Tela Mosquiteira Recolhível Sob Medida,facil_persianas,60,60,0.36,393.40,2026-07-29,
tela_mosquiteira,Tela Mosquiteira Recolhível Sob Medida,facil_persianas,100,180,1.80,622.70,2026-07-29,
tela_mosquiteira,Tela Mosquiteira Recolhível Sob Medida,facil_persianas,140,180,2.52,708.13,2026-07-29,
toldo,NAO ENCONTRADO,,,,,,2026-07-29,Nenhuma referencia confiavel achada - mercado de toldo trabalha por orcamento sob consulta - definir preco manualmente
